{
  "id": "head-bone",
  "connectors": [
    [
      360,
      560
    ]
  ],
  "rotationAngle": 0,
  "verticesOffset": {
    "x": 0,
    "y": -5 
  },
  "verticesWidth": 137,
  "verticesHeight": 181,
  "vertices": [
    [
      98,
      9.516670227050781
    ],
    [
      68,
      1.5166702270507812
    ],
    [
      79,
      3.5166702270507812
    ],
    [
      88,
      4.516670227050781
    ],
    [
      108,
      15.516670227050781
    ],
    [
      115,
      22.51667022705078
    ],
    [
      123,
      31.51667022705078
    ],
    [
      129,
      42.51667022705078
    ],
    [
      130,
      53.51667022705078
    ],
    [
      130,
      63.51667022705078
    ],
    [
      129,
      72.51667022705078
    ],
    [
      132,
      81.51667022705078
    ],
    [
      131,
      88.51666259765625
    ],
    [
      133,
      98.51666259765625
    ],
    [
      133,
      105.51666259765625
    ],
    [
      134,
      110.51666259765625
    ],
    [
      132,
      115.51666259765625
    ],
    [
      128,
      118.51666259765625
    ],
    [
      123,
      120.51666259765625
    ],
    [
      120,
      123.51666259765625
    ],
    [
      118,
      128.51666259765625
    ],
    [
      118,
      146.51666259765625
    ],
    [
      119,
      138.51666259765625
    ],
    [
      116,
      153.51666259765625
    ],
    [
      115,
      159.51666259765625
    ],
    [
      112,
      163.51666259765625
    ],
    [
      111,
      167.51666259765625
    ],
    [
      108,
      171.51666259765625
    ],
    [
      103,
      175.51666259765625
    ],
    [
      98,
      178.51666259765625
    ],
    [
      83,
      178.51666259765625
    ],
    [
      74,
      177.51666259765625
    ],
    [
      67,
      174.51666259765625
    ],
    [
      58,
      167.51666259765625
    ],
    [
      49,
      161.51666259765625
    ],
    [
      43,
      158.51666259765625
    ],
    [
      37,
      152.51666259765625
    ],
    [
      34,
      147.51666259765625
    ],
    [
      33,
      137.51666259765625
    ],
    [
      34,
      131.51666259765625
    ],
    [
      33,
      123.51666259765625
    ],
    [
      30,
      116.51666259765625
    ],
    [
      24,
      116.51666259765625
    ],
    [
      21,
      117.51666259765625
    ],
    [
      17,
      118.51666259765625
    ],
    [
      15,
      115.51666259765625
    ],
    [
      13,
      109.51667022705078
    ],
    [
      10,
      103.51667022705078
    ],
    [
      6,
      96.51667022705078
    ],
    [
      5,
      88.51667022705078
    ],
    [
      4,
      80.51667022705078
    ],
    [
      2,
      71.51667022705078
    ],
    [
      1,
      60.51667022705078
    ],
    [
      1,
      48.51667022705078
    ],
    [
      3,
      40.51667022705078
    ],
    [
      6,
      31.51667022705078
    ],
    [
      10,
      25.51667022705078
    ],
    [
      13,
      20.51667022705078
    ],
    [
      20,
      13.516670227050781
    ],
    [
      27,
      9.516670227050781
    ],
    [
      36,
      6.516670227050781
    ],
    [
      45,
      4.516670227050781
    ],
    [
      53,
      1.5166702270507812
    ],
    [
      63,
      1.5166702270507812
    ]
  ]
}