{
  "rotationAngle": 0,
  "id": "square",
  "vertices": [
  [
    11,
    10.416666030883789
  ],
  [
    30,
    9.416666030883789
  ],
  [
    38,
    37.46665954589844
  ],
  [
    10,
    29.41666603088379
  ]
],
  "width": 40.05, "height": 40.07,
  "verticesWidth": 32, "verticesHeight": 32.05,
  "verticesOffset": {
    "x": 7.9,
    "y": 7.48
    }
}
